timestamp_s,fork_pid,rss_kb,vmsize_kb,hwm_kb
1777552415,0,0,0,0
1777552417,315034,413328,22020076,414596
1777552419,315034,616528,38092272,617416
1777552421,315034,721528,41154028,746244
1777552423,315034,750940,41154028,750940
1777552425,315034,751556,41154028,751556
1777552427,315034,754744,41154028,754744
1777552429,315034,755048,41154028,755048
1777552431,315034,762692,41553388,762692
1777552433,315034,871516,42661624,873100
1777552435,315034,975708,42653428,975708
1777552437,315034,980656,42653432,981612
1777552439,315034,993320,42657528,993320
1777552441,315034,1588116,45332336,1612272
1777552443,315034,3748084,45324140,3749364
1777552445,315034,3939256,45324140,3940072
1777552447,315034,4223972,45402060,4224500
1777552449,315034,4847020,46531652,4847020
1777552451,315034,5109616,46523456,5115332
1777552453,315034,5183060,46720064,5186756
1777552455,315034,5244836,46785600,5244836
1777552457,315034,5254808,46785600,5254808
1777552459,315034,5258680,46785600,5258680
1777552461,315034,5254168,46785600,5261320
1777552463,315034,5266676,46785600,5266676
1777552465,315034,5256352,46785600,5266676
1777552467,315034,5257116,46785600,5266676
1777552469,315034,5257900,46785600,5266676
1777552471,315034,5260420,46785600,5266676
1777552473,315034,5261740,46785600,5266676
1777552475,315034,5262988,46785600,5266676
1777552477,315034,5270784,46785600,5270788
1777552479,315034,5271100,46785600,5271100
1777552482,315034,5266312,46785600,5271100
1777552484,315034,5266864,46785600,5271100
1777552486,315034,5270824,46785600,5271100
1777552488,315034,5270824,46785600,5271100
1777552490,315034,5271348,46785600,5271348
1777552492,315034,5281372,46785600,5281636
1777552494,315034,5282692,46785600,5282692
1777552496,315034,5275256,46785600,5283188
1777552498,315034,5275256,46785600,5283188
1777552500,315034,5277740,46785600,5283188
1777552502,315034,5278280,46785600,5283188
1777552504,315034,5278808,46785600,5283188
1777552506,315034,5279476,46785600,5283188
1777552508,315034,5280224,46785600,5283188
1777552510,315034,5280224,46785600,5283188
1777552512,315034,5280340,46785600,5283188
1777552514,315034,5280868,46785600,5283188
1777552516,315034,5281312,46785600,5283188
1777552518,315034,5281684,46785600,5283188
1777552520,315034,5281684,46785600,5283188
1777552522,315034,5282164,46785600,5283188
1777552524,315034,5282164,46785600,5283188
1777552526,315034,5282164,46785600,5283188
1777552528,315034,5282164,46785600,5283188
1777552530,315034,5282536,46777404,5283188
1777552532,315034,5283468,46769208,5283532
1777552534,315034,5284060,46747568,5284408
1777552536,315034,5284552,46746544,5284644
1777552538,315034,5320356,46654380,5320572
1777552540,315034,5321416,46599084,5321572
1777552542,0,0,0,0
1777552544,0,0,0,0
